John,Smith,555-123-4567
Emma,Johnson,555-234-5678
Michael,Williams,555-345-6789
Sarah,Brown,555-456-7890
John,Jones,555-567-8901
Emily,Garcia,555-678-9012
James,Smith,555-789-0123
Jessica,Rodriguez,555-890-1234
Daniel,Davis,555-901-2345
Sarah,Lopez,555-012-3456
Michael,Gonzalez,555-123-5678
Amanda,Wilson,555-234-6789
Matthew,Anderson,555-345-7890
Jennifer,Brown,555-456-8901
Joshua,Taylor,555-567-9012
Emma,Moore,555-678-0123
Andrew,Jackson,555-789-1234
Sarah,Smith,555-890-2345
Ryan,Lee,555-901-3456
John,Brown,555-012-4567